miRNA,mRNA,DEG set,microRNA.org,Description,GO ID
mmu-miR-182-5p,Vwc2l,CX_2month_WT_vs_TG,TRUE,von Willebrand factor C domain-containing protein 2-like [Source:MGI Symbol;Acc:MGI:2444069] [Source:Mus musculus;ACC:ENSMUSG00000045648],"GO:0003674,GO:0005515,GO:0005615,GO:0030054,GO:0030514,GO:0032281,GO:0045202,GO:0045666"
mmu-miR-183-5p,Vwc2l,CX_2month_WT_vs_TG,TRUE,von Willebrand factor C domain-containing protein 2-like [Source:MGI Symbol;Acc:MGI:2444069] [Source:Mus musculus;ACC:ENSMUSG00000045648],"GO:0003674,GO:0005515,GO:0005615,GO:0030054,GO:0030514,GO:0032281,GO:0045202,GO:0045666"
mmu-miR-211-5p,Hpcal1,CX_6month_WT_vs_TG,TRUE,Hippocalcin-like protein 1 [Source:SWISS;ACC:P62749],"GO:0005509,GO:0007165,GO:0070062"
mmu-miR-144-5p,Ptprc,CX_TG_2month_vs_6month,TRUE,"protein tyrosine phosphatase, receptor type, C [Source:MGI Symbol;Acc:MGI:97810] [Source:Mus musculus;ACC:ENSMUSG00000026395]","GO:0000187,GO:0001915,GO:0001916,GO:0001960,GO:0002244,GO:0002378,GO:0002711,GO:0002923,GO:0002925,GO:0004725,GO:0005515,GO:0005886,GO:0005887,GO:0005925,GO:0006469,GO:0006470,GO:0006933,GO:0007159,GO:0008201,GO:0009897,GO:0009986,GO:0010332,GO:0016020,GO:0016021,GO:0016311,GO:0016791,GO:0019901,GO:0030183,GO:0030217,GO:0030890,GO:0031953,GO:0034113,GO:0035335,GO:0042098,GO:0042100,GO:0042102,GO:0043395,GO:0043410,GO:0044770,GO:0045059,GO:0045060,GO:0045121,GO:0045577,GO:0045582,GO:0045588,GO:0046641,GO:0048304,GO:0048539,GO:0048864,GO:0050732,GO:0050852,GO:0050853,GO:0050855,GO:0050857,GO:0051209,GO:0051607,GO:0051726,GO:0070062,GO:0071944,GO:2000473,GO:2000648,GO:2001236,GO:2001238"
mmu-miR-144-3p,Ptprc,CX_TG_2month_vs_6month,TRUE,"protein tyrosine phosphatase, receptor type, C [Source:MGI Symbol;Acc:MGI:97810] [Source:Mus musculus;ACC:ENSMUSG00000026395]","GO:0000187,GO:0001915,GO:0001916,GO:0001960,GO:0002244,GO:0002378,GO:0002711,GO:0002923,GO:0002925,GO:0004725,GO:0005515,GO:0005886,GO:0005887,GO:0005925,GO:0006469,GO:0006470,GO:0006933,GO:0007159,GO:0008201,GO:0009897,GO:0009986,GO:0010332,GO:0016020,GO:0016021,GO:0016311,GO:0016791,GO:0019901,GO:0030183,GO:0030217,GO:0030890,GO:0031953,GO:0034113,GO:0035335,GO:0042098,GO:0042100,GO:0042102,GO:0043395,GO:0043410,GO:0044770,GO:0045059,GO:0045060,GO:0045121,GO:0045577,GO:0045582,GO:0045588,GO:0046641,GO:0048304,GO:0048539,GO:0048864,GO:0050732,GO:0050852,GO:0050853,GO:0050855,GO:0050857,GO:0051209,GO:0051607,GO:0051726,GO:0070062,GO:0071944,GO:2000473,GO:2000648,GO:2001236,GO:2001238"
mmu-miR-211-5p,Hpcal1,CX_TG_2month_vs_6month,TRUE,Hippocalcin-like protein 1 [Source:SWISS;ACC:P62749],"GO:0005509,GO:0007165,GO:0070062"
mmu-miR-141-3p,Rps12,CX_TG_2month_vs_6month,TRUE,ribosomal protein S12 [Source:MGI Symbol;Acc:MGI:98105] [Source:Mus musculus;ACC:ENSMUSG00000061983],"GO:0003735,GO:0006412,GO:0022627"
mmu-miR-141-3p,Klhl10,CX_TG_2month_vs_6month,TRUE,kelch-like 10 [Source:MGI Symbol;Acc:MGI:2181067] [Source:Mus musculus;ACC:ENSMUSG00000001558],"GO:0000902,GO:0005515,GO:0005737,GO:0007286,GO:0008584,GO:0009566,GO:0016567,GO:0048808,GO:0048873"
mmu-miR-200c-3p,Rps12,CX_TG_2month_vs_6month,TRUE,ribosomal protein S12 [Source:MGI Symbol;Acc:MGI:98105] [Source:Mus musculus;ACC:ENSMUSG00000061983],"GO:0003735,GO:0006412,GO:0022627"
mmu-miR-155-5p,Klhl10,CX_TG_2month_vs_6month,TRUE,kelch-like 10 [Source:MGI Symbol;Acc:MGI:2181067] [Source:Mus musculus;ACC:ENSMUSG00000001558],"GO:0000902,GO:0005515,GO:0005737,GO:0007286,GO:0008584,GO:0009566,GO:0016567,GO:0048808,GO:0048873"
mmu-miR-141-3p,Fn1,CX_WT_2month_vs_6month,TRUE,fibronectin 1 [Source:MGI Symbol;Acc:MGI:95566] [Source:Mus musculus;ACC:ENSMUSG00000026193],"GO:0001525,GO:0002020,GO:0005178,GO:0005515,GO:0005576,GO:0005577,GO:0005578,GO:0005604,GO:0005605,GO:0005615,GO:0005793,GO:0006953,GO:0007044,GO:0007155,GO:0007160,GO:0007161,GO:0008201,GO:0008360,GO:0010952,GO:0016324,GO:0016504,GO:0018149,GO:0031012,GO:0034446,GO:0042060,GO:0045773,GO:0070062,GO:0072562"
mmu-miR-141-3p,Rps12,CX_WT_2month_vs_6month,TRUE,ribosomal protein S12 [Source:MGI Symbol;Acc:MGI:98105] [Source:Mus musculus;ACC:ENSMUSG00000061983],"GO:0003735,GO:0006412,GO:0022627"
mmu-miR-144-3p,Aspa,CX_WT_2month_vs_6month,TRUE,aspartoacylase [Source:MGI Symbol;Acc:MGI:87914] [Source:Mus musculus;ACC:ENSMUSG00000020774],"GO:0004046,GO:0005634,GO:0005737,GO:0006083,GO:0008152,GO:0016788,GO:0016811,GO:0019807,GO:0022010,GO:0046872,GO:0048714,GO:0070062"
mmu-miR-182-5p,C1qtnf1,CX_WT_2month_vs_6month,TRUE,C1q and tumor necrosis factor related protein 1 [Source:MGI Symbol;Acc:MGI:1919254] [Source:Mus musculus;ACC:ENSMUSG00000017446],"GO:0005515,GO:0005518,GO:0005581,GO:0005615,GO:0005887,GO:0007204,GO:0010544,GO:0010628,GO:0010906,GO:0043410,GO:0051260,GO:0051897,GO:0070208,GO:0090331,GO:2000860"
mmu-miR-200c-3p,Fn1,CX_WT_2month_vs_6month,TRUE,fibronectin 1 [Source:MGI Symbol;Acc:MGI:95566] [Source:Mus musculus;ACC:ENSMUSG00000026193],"GO:0001525,GO:0002020,GO:0005178,GO:0005515,GO:0005576,GO:0005577,GO:0005578,GO:0005604,GO:0005605,GO:0005615,GO:0005793,GO:0006953,GO:0007044,GO:0007155,GO:0007160,GO:0007161,GO:0008201,GO:0008360,GO:0010952,GO:0016324,GO:0016504,GO:0018149,GO:0031012,GO:0034446,GO:0042060,GO:0045773,GO:0070062,GO:0072562"
mmu-miR-200c-3p,Rps12,CX_WT_2month_vs_6month,TRUE,ribosomal protein S12 [Source:MGI Symbol;Acc:MGI:98105] [Source:Mus musculus;ACC:ENSMUSG00000061983],"GO:0003735,GO:0006412,GO:0022627"
mmu-miR-144-5p,Aspa,CX_WT_2month_vs_6month,TRUE,aspartoacylase [Source:MGI Symbol;Acc:MGI:87914] [Source:Mus musculus;ACC:ENSMUSG00000020774],"GO:0004046,GO:0005634,GO:0005737,GO:0006083,GO:0008152,GO:0016788,GO:0016811,GO:0019807,GO:0022010,GO:0046872,GO:0048714,GO:0070062"
mmu-miR-96-5p,C1qtnf1,CX_WT_2month_vs_6month,TRUE,C1q and tumor necrosis factor related protein 1 [Source:MGI Symbol;Acc:MGI:1919254] [Source:Mus musculus;ACC:ENSMUSG00000017446],"GO:0005515,GO:0005518,GO:0005581,GO:0005615,GO:0005887,GO:0007204,GO:0010544,GO:0010628,GO:0010906,GO:0043410,GO:0051260,GO:0051897,GO:0070208,GO:0090331,GO:2000860"
mmu-miR-200a-3p,Fn1,CX_WT_2month_vs_6month,TRUE,fibronectin 1 [Source:MGI Symbol;Acc:MGI:95566] [Source:Mus musculus;ACC:ENSMUSG00000026193],"GO:0001525,GO:0002020,GO:0005178,GO:0005515,GO:0005576,GO:0005577,GO:0005578,GO:0005604,GO:0005605,GO:0005615,GO:0005793,GO:0006953,GO:0007044,GO:0007155,GO:0007160,GO:0007161,GO:0008201,GO:0008360,GO:0010952,GO:0016324,GO:0016504,GO:0018149,GO:0031012,GO:0034446,GO:0042060,GO:0045773,GO:0070062,GO:0072562"
mmu-miR-200a-3p,Rps12,CX_WT_2month_vs_6month,TRUE,ribosomal protein S12 [Source:MGI Symbol;Acc:MGI:98105] [Source:Mus musculus;ACC:ENSMUSG00000061983],"GO:0003735,GO:0006412,GO:0022627"
mmu-miR-141-5p,Fn1,CX_WT_2month_vs_6month,TRUE,fibronectin 1 [Source:MGI Symbol;Acc:MGI:95566] [Source:Mus musculus;ACC:ENSMUSG00000026193],"GO:0001525,GO:0002020,GO:0005178,GO:0005515,GO:0005576,GO:0005577,GO:0005578,GO:0005604,GO:0005605,GO:0005615,GO:0005793,GO:0006953,GO:0007044,GO:0007155,GO:0007160,GO:0007161,GO:0008201,GO:0008360,GO:0010952,GO:0016324,GO:0016504,GO:0018149,GO:0031012,GO:0034446,GO:0042060,GO:0045773,GO:0070062,GO:0072562"
mmu-miR-141-5p,Rps12,CX_WT_2month_vs_6month,TRUE,ribosomal protein S12 [Source:MGI Symbol;Acc:MGI:98105] [Source:Mus musculus;ACC:ENSMUSG00000061983],"GO:0003735,GO:0006412,GO:0022627"
mmu-miR-200b-5p,Fn1,CX_WT_2month_vs_6month,TRUE,fibronectin 1 [Source:MGI Symbol;Acc:MGI:95566] [Source:Mus musculus;ACC:ENSMUSG00000026193],"GO:0001525,GO:0002020,GO:0005178,GO:0005515,GO:0005576,GO:0005577,GO:0005578,GO:0005604,GO:0005605,GO:0005615,GO:0005793,GO:0006953,GO:0007044,GO:0007155,GO:0007160,GO:0007161,GO:0008201,GO:0008360,GO:0010952,GO:0016324,GO:0016504,GO:0018149,GO:0031012,GO:0034446,GO:0042060,GO:0045773,GO:0070062,GO:0072562"
mmu-miR-200b-5p,Rps12,CX_WT_2month_vs_6month,TRUE,ribosomal protein S12 [Source:MGI Symbol;Acc:MGI:98105] [Source:Mus musculus;ACC:ENSMUSG00000061983],"GO:0003735,GO:0006412,GO:0022627"
mmu-miR-200a-5p,Fn1,CX_WT_2month_vs_6month,TRUE,fibronectin 1 [Source:MGI Symbol;Acc:MGI:95566] [Source:Mus musculus;ACC:ENSMUSG00000026193],"GO:0001525,GO:0002020,GO:0005178,GO:0005515,GO:0005576,GO:0005577,GO:0005578,GO:0005604,GO:0005605,GO:0005615,GO:0005793,GO:0006953,GO:0007044,GO:0007155,GO:0007160,GO:0007161,GO:0008201,GO:0008360,GO:0010952,GO:0016324,GO:0016504,GO:0018149,GO:0031012,GO:0034446,GO:0042060,GO:0045773,GO:0070062,GO:0072562"
mmu-miR-200a-5p,Rps12,CX_WT_2month_vs_6month,TRUE,ribosomal protein S12 [Source:MGI Symbol;Acc:MGI:98105] [Source:Mus musculus;ACC:ENSMUSG00000061983],"GO:0003735,GO:0006412,GO:0022627"
mmu-miR-429-3p,Fn1,CX_WT_2month_vs_6month,TRUE,fibronectin 1 [Source:MGI Symbol;Acc:MGI:95566] [Source:Mus musculus;ACC:ENSMUSG00000026193],"GO:0001525,GO:0002020,GO:0005178,GO:0005515,GO:0005576,GO:0005577,GO:0005578,GO:0005604,GO:0005605,GO:0005615,GO:0005793,GO:0006953,GO:0007044,GO:0007155,GO:0007160,GO:0007161,GO:0008201,GO:0008360,GO:0010952,GO:0016324,GO:0016504,GO:0018149,GO:0031012,GO:0034446,GO:0042060,GO:0045773,GO:0070062,GO:0072562"
mmu-miR-429-3p,Rps12,CX_WT_2month_vs_6month,TRUE,ribosomal protein S12 [Source:MGI Symbol;Acc:MGI:98105] [Source:Mus musculus;ACC:ENSMUSG00000061983],"GO:0003735,GO:0006412,GO:0022627"
mmu-miR-200b-3p,Fn1,CX_WT_2month_vs_6month,TRUE,fibronectin 1 [Source:MGI Symbol;Acc:MGI:95566] [Source:Mus musculus;ACC:ENSMUSG00000026193],"GO:0001525,GO:0002020,GO:0005178,GO:0005515,GO:0005576,GO:0005577,GO:0005578,GO:0005604,GO:0005605,GO:0005615,GO:0005793,GO:0006953,GO:0007044,GO:0007155,GO:0007160,GO:0007161,GO:0008201,GO:0008360,GO:0010952,GO:0016324,GO:0016504,GO:0018149,GO:0031012,GO:0034446,GO:0042060,GO:0045773,GO:0070062,GO:0072562"
mmu-miR-200b-3p,Rps12,CX_WT_2month_vs_6month,TRUE,ribosomal protein S12 [Source:MGI Symbol;Acc:MGI:98105] [Source:Mus musculus;ACC:ENSMUSG00000061983],"GO:0003735,GO:0006412,GO:0022627"
-,-,HPC_2month_WT_vs_TG,TRUE,-,-
mmu-miR-146a-5p,Vwc2l,HPC_6month_WT_vs_TG,TRUE,von Willebrand factor C domain-containing protein 2-like [Source:MGI Symbol;Acc:MGI:2444069] [Source:Mus musculus;ACC:ENSMUSG00000045648],"GO:0003674,GO:0005515,GO:0005615,GO:0030054,GO:0030514,GO:0032281,GO:0045202,GO:0045666"
mmu-miR-146a-5p,Rgs4,HPC_6month_WT_vs_TG,TRUE,regulator of G-protein signaling 4 [Source:MGI Symbol;Acc:MGI:108409] [Source:Mus musculus;ACC:ENSMUSG00000038530],"GO:0001965,GO:0005096,GO:0005737,GO:0005829,GO:0005886,GO:0007186,GO:0016020,GO:0038032,GO:0043234,GO:0043547,GO:0045744"
mmu-miR-146a-5p,Plagl1,HPC_6month_WT_vs_TG,TRUE,pleiomorphic adenoma gene-like 1 [Source:MGI Symbol;Acc:MGI:1100874] [Source:Mus musculus;ACC:ENSMUSG00000019817],"GO:0000977,GO:0000981,GO:0001228,GO:0003676,GO:0003677,GO:0005515,GO:0005634,GO:0005737,GO:0005794,GO:0006366,GO:0006915,GO:0010468,GO:0035914,GO:0045944,GO:0046872"
mmu-miR-146a-5p,Col6a2,HPC_6month_WT_vs_TG,TRUE,"collagen, type VI, alpha 2 [Source:MGI Symbol;Acc:MGI:88460] [Source:Mus musculus;ACC:ENSMUSG00000020241]","GO:0005515,GO:0005576,GO:0005578,GO:0005581,GO:0005615,GO:0007155,GO:0009749,GO:0031012,GO:0042383,GO:0043234,GO:0070062,GO:0070208"
mmu-miR-146a-5p,Nsg2,HPC_6month_WT_vs_TG,TRUE,neuron specific gene family member 2 [Source:MGI Symbol;Acc:MGI:1202070] [Source:Mus musculus;ACC:ENSMUSG00000020297],"GO:0007212,GO:0016021,GO:0030659,GO:0032051,GO:0032580,GO:0032585,GO:0048268"
mmu-miR-144-5p,Igfbp5,HPC_TG_2month_vs_6month,TRUE,insulin-like growth factor binding protein 5 [Source:MGI Symbol;Acc:MGI:96440] [Source:Mus musculus;ACC:ENSMUSG00000026185],"GO:0001558,GO:0001649,GO:0001968,GO:0005515,GO:0005520,GO:0005576,GO:0006006,GO:0010906,GO:0014912,GO:0016942,GO:0017148,GO:0030336,GO:0031069,GO:0031994,GO:0035556,GO:0040008,GO:0042593,GO:0043568,GO:0043569,GO:0044342,GO:0045668,GO:0048630,GO:0048662,GO:0051146,GO:0051897,GO:0060056,GO:0071320,GO:0071407"
mmu-miR-144-5p,Ptprc,HPC_TG_2month_vs_6month,TRUE,"protein tyrosine phosphatase, receptor type, C [Source:MGI Symbol;Acc:MGI:97810] [Source:Mus musculus;ACC:ENSMUSG00000026395]","GO:0000187,GO:0001915,GO:0001916,GO:0001960,GO:0002244,GO:0002378,GO:0002711,GO:0002923,GO:0002925,GO:0004725,GO:0005515,GO:0005886,GO:0005887,GO:0005925,GO:0006469,GO:0006470,GO:0006933,GO:0007159,GO:0008201,GO:0009897,GO:0009986,GO:0010332,GO:0016020,GO:0016021,GO:0016311,GO:0016791,GO:0019901,GO:0030183,GO:0030217,GO:0030890,GO:0031953,GO:0034113,GO:0035335,GO:0042098,GO:0042100,GO:0042102,GO:0043395,GO:0043410,GO:0044770,GO:0045059,GO:0045060,GO:0045121,GO:0045577,GO:0045582,GO:0045588,GO:0046641,GO:0048304,GO:0048539,GO:0048864,GO:0050732,GO:0050852,GO:0050853,GO:0050855,GO:0050857,GO:0051209,GO:0051607,GO:0051726,GO:0070062,GO:0071944,GO:2000473,GO:2000648,GO:2001236,GO:2001238"
mmu-miR-144-5p,Fcgr2b,HPC_TG_2month_vs_6month,TRUE,"Fc receptor, IgG, low affinity IIb [Source:MGI Symbol;Acc:MGI:95499] [Source:Mus musculus;ACC:ENSMUSG00000026656]","GO:0001811,GO:0002638,GO:0002862,GO:0002865,GO:0002924,GO:0005057,GO:0005515,GO:0005576,GO:0005737,GO:0005856,GO:0005887,GO:0006911,GO:0006952,GO:0006955,GO:0007166,GO:0009617,GO:0009897,GO:0016021,GO:0016064,GO:0019864,GO:0019886,GO:0030889,GO:0032693,GO:0035556,GO:0050765,GO:0050766,GO:0050777,GO:0071219"
mmu-miR-144-5p,Fos,HPC_TG_2month_vs_6month,TRUE,FBJ osteosarcoma oncogene [Source:MGI Symbol;Acc:MGI:95574] [Source:Mus musculus;ACC:ENSMUSG00000021250],"GO:0000979,GO:0001661,GO:0003677,GO:0003690,GO:0003700,GO:0005515,GO:0005634,GO:0005667,GO:0005783,GO:0005829,GO:0006355,GO:0006366,GO:0007179,GO:0007399,GO:0007565,GO:0007568,GO:0008134,GO:0009409,GO:0009416,GO:0009612,GO:0009629,GO:0009636,GO:0014070,GO:0016020,GO:0030431,GO:0031668,GO:0032496,GO:0032570,GO:0032870,GO:0034097,GO:0034614,GO:0035902,GO:0035914,GO:0042493,GO:0043005,GO:0043565,GO:0044212,GO:0045672,GO:0045893,GO:0045944,GO:0051412,GO:0051591,GO:0060395,GO:0070412,GO:0071277"
mmu-miR-144-3p,Igfbp5,HPC_TG_2month_vs_6month,TRUE,insulin-like growth factor binding protein 5 [Source:MGI Symbol;Acc:MGI:96440] [Source:Mus musculus;ACC:ENSMUSG00000026185],"GO:0001558,GO:0001649,GO:0001968,GO:0005515,GO:0005520,GO:0005576,GO:0006006,GO:0010906,GO:0014912,GO:0016942,GO:0017148,GO:0030336,GO:0031069,GO:0031994,GO:0035556,GO:0040008,GO:0042593,GO:0043568,GO:0043569,GO:0044342,GO:0045668,GO:0048630,GO:0048662,GO:0051146,GO:0051897,GO:0060056,GO:0071320,GO:0071407"
mmu-miR-144-3p,Ptprc,HPC_TG_2month_vs_6month,TRUE,"protein tyrosine phosphatase, receptor type, C [Source:MGI Symbol;Acc:MGI:97810] [Source:Mus musculus;ACC:ENSMUSG00000026395]","GO:0000187,GO:0001915,GO:0001916,GO:0001960,GO:0002244,GO:0002378,GO:0002711,GO:0002923,GO:0002925,GO:0004725,GO:0005515,GO:0005886,GO:0005887,GO:0005925,GO:0006469,GO:0006470,GO:0006933,GO:0007159,GO:0008201,GO:0009897,GO:0009986,GO:0010332,GO:0016020,GO:0016021,GO:0016311,GO:0016791,GO:0019901,GO:0030183,GO:0030217,GO:0030890,GO:0031953,GO:0034113,GO:0035335,GO:0042098,GO:0042100,GO:0042102,GO:0043395,GO:0043410,GO:0044770,GO:0045059,GO:0045060,GO:0045121,GO:0045577,GO:0045582,GO:0045588,GO:0046641,GO:0048304,GO:0048539,GO:0048864,GO:0050732,GO:0050852,GO:0050853,GO:0050855,GO:0050857,GO:0051209,GO:0051607,GO:0051726,GO:0070062,GO:0071944,GO:2000473,GO:2000648,GO:2001236,GO:2001238"
mmu-miR-144-3p,Fcgr2b,HPC_TG_2month_vs_6month,TRUE,"Fc receptor, IgG, low affinity IIb [Source:MGI Symbol;Acc:MGI:95499] [Source:Mus musculus;ACC:ENSMUSG00000026656]","GO:0001811,GO:0002638,GO:0002862,GO:0002865,GO:0002924,GO:0005057,GO:0005515,GO:0005576,GO:0005737,GO:0005856,GO:0005887,GO:0006911,GO:0006952,GO:0006955,GO:0007166,GO:0009617,GO:0009897,GO:0016021,GO:0016064,GO:0019864,GO:0019886,GO:0030889,GO:0032693,GO:0035556,GO:0050765,GO:0050766,GO:0050777,GO:0071219"
mmu-miR-144-3p,Fos,HPC_TG_2month_vs_6month,TRUE,FBJ osteosarcoma oncogene [Source:MGI Symbol;Acc:MGI:95574] [Source:Mus musculus;ACC:ENSMUSG00000021250],"GO:0000979,GO:0001661,GO:0003677,GO:0003690,GO:0003700,GO:0005515,GO:0005634,GO:0005667,GO:0005783,GO:0005829,GO:0006355,GO:0006366,GO:0007179,GO:0007399,GO:0007565,GO:0007568,GO:0008134,GO:0009409,GO:0009416,GO:0009612,GO:0009629,GO:0009636,GO:0014070,GO:0016020,GO:0030431,GO:0031668,GO:0032496,GO:0032570,GO:0032870,GO:0034097,GO:0034614,GO:0035902,GO:0035914,GO:0042493,GO:0043005,GO:0043565,GO:0044212,GO:0045672,GO:0045893,GO:0045944,GO:0051412,GO:0051591,GO:0060395,GO:0070412,GO:0071277"
mmu-miR-10a-5p,Per2,HPC_TG_2month_vs_6month,TRUE,period circadian clock 2 [Source:MGI Symbol;Acc:MGI:1195265] [Source:Mus musculus;ACC:ENSMUSG00000055866],"GO:0000122,GO:0000976,GO:0000989,GO:0001222,GO:0002931,GO:0003713,GO:0004871,GO:0005515,GO:0005634,GO:0005654,GO:0005737,GO:0005829,GO:0005978,GO:0006094,GO:0006351,GO:0006355,GO:0006631,GO:0007165,GO:0007623,GO:0008134,GO:0019229,GO:0019249,GO:0019900,GO:0031397,GO:0032922,GO:0035257,GO:0036002,GO:0042752,GO:0042754,GO:0042826,GO:0043130,GO:0045892,GO:0048471,GO:0050767,GO:0050796,GO:0050872,GO:0051726,GO:0051946,GO:0060567,GO:0070063,GO:0070345,GO:0070932,GO:0097167,GO:1990226,GO:2000678"
mmu-miR-10a-5p,Rgs4,HPC_TG_2month_vs_6month,TRUE,regulator of G-protein signaling 4 [Source:MGI Symbol;Acc:MGI:108409] [Source:Mus musculus;ACC:ENSMUSG00000038530],"GO:0001965,GO:0005096,GO:0005737,GO:0005829,GO:0005886,GO:0007186,GO:0016020,GO:0038032,GO:0043234,GO:0043547,GO:0045744"
mmu-miR-10a-5p,Tnfaip3,HPC_TG_2month_vs_6month,TRUE,"tumor necrosis factor, alpha-induced protein 3 [Source:MGI Symbol;Acc:MGI:1196377] [Source:Mus musculus;ACC:ENSMUSG00000019850]","GO:0001922,GO:0002020,GO:0002237,GO:0002315,GO:0002632,GO:0002634,GO:0002637,GO:0002677,GO:0003677,GO:0004221,GO:0004842,GO:0004843,GO:0005515,GO:0005634,GO:0005737,GO:0005764,GO:0005813,GO:0006508,GO:0006915,GO:0006954,GO:0008270,GO:0009611,GO:0010507,GO:0016579,GO:0016874,GO:0019900,GO:0031397,GO:0032088,GO:0032495,GO:0032691,GO:0032703,GO:0032715,GO:0032720,GO:0034115,GO:0034140,GO:0034148,GO:0035871,GO:0043124,GO:0043130,GO:0043621,GO:0045088,GO:0045732,GO:0045736,GO:0045824,GO:0048662,GO:0050728,GO:0050869,GO:0060548,GO:0070062,GO:0070301,GO:0070429,GO:0070433,GO:0070536,GO:0070936,GO:0071108,GO:0071222,GO:0072573,GO:1902042,GO:2000347,GO:2000349,GO:2000352"
mmu-miR-10a-5p,Nsg2,HPC_TG_2month_vs_6month,TRUE,neuron specific gene family member 2 [Source:MGI Symbol;Acc:MGI:1202070] [Source:Mus musculus;ACC:ENSMUSG00000020297],"GO:0007212,GO:0016021,GO:0030659,GO:0032051,GO:0032580,GO:0032585,GO:0048268"
mmu-miR-10a-5p,Sez6,HPC_TG_2month_vs_6month,TRUE,seizure related gene 6 [Source:MGI Symbol;Acc:MGI:104745] [Source:Mus musculus;ACC:ENSMUSG00000000632],"GO:0003674,GO:0005615,GO:0005783,GO:0005886,GO:0008344,GO:0016021,GO:0021680,GO:0030054,GO:0043025,GO:0043197,GO:0043198,GO:0045202,GO:0048471,GO:0050773,GO:0060074,GO:0060079,GO:0090036,GO:0097440,GO:1900006,GO:2000171"
mmu-miR-10a-5p,Mpp3,HPC_TG_2month_vs_6month,TRUE,"membrane protein, palmitoylated 3 (MAGUK p55 subfamily member 3) [Source:MGI Symbol;Acc:MGI:1328354] [Source:Mus musculus;ACC:ENSMUSG00000052373]","GO:0005515,GO:0016301,GO:0016310,GO:0030165"
mmu-miR-155-5p,Hjurp,HPC_TG_2month_vs_6month,TRUE,Holliday junction recognition protein [Source:MGI Symbol;Acc:MGI:2685821] [Source:Mus musculus;ACC:ENSMUSG00000044783],"GO:0000775,GO:0000777,GO:0005515,GO:0005634,GO:0005730,GO:0005737,GO:0007059,GO:0034080,GO:0042393,GO:0042802,GO:0043254,GO:0051101"
mmu-miR-155-5p,Thsd7b,HPC_TG_2month_vs_6month,TRUE,"thrombospondin, type I, domain containing 7B [Source:MGI Symbol;Acc:MGI:2443925] [Source:Mus musculus;ACC:ENSMUSG00000042581]","GO:0003674,GO:0005575,GO:0008150,GO:0016021"
mmu-miR-155-5p,Ace,HPC_TG_2month_vs_6month,TRUE,angiotensin I converting enzyme (peptidyl-dipeptidase A) 1 [Source:MGI Symbol;Acc:MGI:87874] [Source:Mus musculus;ACC:ENSMUSG00000020681],"GO:0001822,GO:0002446,GO:0003084,GO:0004180,GO:0005515,GO:0005576,GO:0005886,GO:0006508,GO:0007283,GO:0008217,GO:0008233,GO:0008237,GO:0008241,GO:0016020,GO:0016021,GO:0042447,GO:0046872,GO:0060047"
mmu-miR-155-5p,Mycn,HPC_TG_2month_vs_6month,TRUE,"v-myc myelocytomatosis viral related oncogene, neuroblastoma derived (avian) [Source:MGI Symbol;Acc:MGI:97357] [Source:Mus musculus;ACC:ENSMUSG00000037169]","GO:0001502,GO:0002053,GO:0003677,GO:0003700,GO:0005515,GO:0005634,GO:0006355,GO:0008284,GO:0010942,GO:0030324,GO:0042733,GO:0045893,GO:0045944,GO:0046983,GO:0048704,GO:0048712,GO:0048754,GO:2000378"
mmu-miR-155-5p,Etv1,HPC_TG_2month_vs_6month,TRUE,ets variant 1 [Source:MGI Symbol;Acc:MGI:99254] [Source:Mus musculus;ACC:ENSMUSG00000004151],"GO:0000978,GO:0000981,GO:0001077,GO:0003700,GO:0005515,GO:0005634,GO:0006355,GO:0006357,GO:0006366,GO:0007411,GO:0007517,GO:0007638,GO:0043565,GO:0045893,GO:0045944"
mmu-miR-146a-5p,Asb1,HPC_TG_2month_vs_6month,TRUE,ankyrin repeat and SOCS box-containing 1 [Source:MGI Symbol;Acc:MGI:1929735] [Source:Mus musculus;ACC:ENSMUSG00000026311],"GO:0003674,GO:0005515,GO:0005575,GO:0016567,GO:0030539,GO:0035556"
mmu-miR-146a-5p,Thsd7b,HPC_TG_2month_vs_6month,TRUE,"thrombospondin, type I, domain containing 7B [Source:MGI Symbol;Acc:MGI:2443925] [Source:Mus musculus;ACC:ENSMUSG00000042581]","GO:0003674,GO:0005575,GO:0008150,GO:0016021"
mmu-miR-146a-5p,Phlda3,HPC_TG_2month_vs_6month,TRUE,"pleckstrin homology-like domain, family A, member 3 [Source:MGI Symbol;Acc:MGI:1351485] [Source:Mus musculus;ACC:ENSMUSG00000041801]","GO:0005546,GO:0005547,GO:0005737,GO:0005886,GO:0010314,GO:0032266,GO:0042771,GO:0043065,GO:0043231,GO:0043325,GO:0051898,GO:0070062,GO:0080025"
mmu-miR-146a-5p,Rgs4,HPC_TG_2month_vs_6month,TRUE,regulator of G-protein signaling 4 [Source:MGI Symbol;Acc:MGI:108409] [Source:Mus musculus;ACC:ENSMUSG00000038530],"GO:0001965,GO:0005096,GO:0005737,GO:0005829,GO:0005886,GO:0007186,GO:0016020,GO:0038032,GO:0043234,GO:0043547,GO:0045744"
mmu-miR-146a-5p,Sh3rf3,HPC_TG_2month_vs_6month,TRUE,SH3 domain containing ring finger 3 [Source:MGI Symbol;Acc:MGI:2444637] [Source:Mus musculus;ACC:ENSMUSG00000037990],"GO:0003674,GO:0005515,GO:0005575,GO:0008150,GO:0008270,GO:0046872"
mmu-miR-146a-5p,Gnaz,HPC_TG_2month_vs_6month,TRUE,"guanine nucleotide binding protein, alpha z subunit [Source:MGI Symbol;Acc:MGI:95780] [Source:Mus musculus;ACC:ENSMUSG00000040009]","GO:0003924,GO:0004871,GO:0005085,GO:0005525,GO:0005829,GO:0005834,GO:0005886,GO:0006184,GO:0007165,GO:0007186,GO:0007188,GO:0007193,GO:0016020,GO:0019001,GO:0031234,GO:0031683,GO:0031821,GO:0043087,GO:0046872,GO:0070062"
mmu-miR-146a-5p,Med16,HPC_TG_2month_vs_6month,TRUE,mediator complex subunit 16 [Source:MGI Symbol;Acc:MGI:2158394] [Source:Mus musculus;ACC:ENSMUSG00000013833],"GO:0003712,GO:0003824,GO:0004872,GO:0005515,GO:0005654,GO:0006366,GO:0006367,GO:0016020,GO:0016592,GO:0030375,GO:0030518,GO:0030521,GO:0045893,GO:0046966,GO:2000273"
mmu-miR-146a-5p,Midn,HPC_TG_2month_vs_6month,TRUE,midnolin [Source:MGI Symbol;Acc:MGI:1890222] [Source:Mus musculus;ACC:ENSMUSG00000035621],"GO:0005515,GO:0005634,GO:0005730,GO:0005829,GO:0019900,GO:0033132,GO:0046676"
mmu-miR-146a-5p,Slc39a3,HPC_TG_2month_vs_6month,TRUE,"solute carrier family 39 (zinc transporter), member 3 [Source:MGI Symbol;Acc:MGI:2147269] [Source:Mus musculus;ACC:ENSMUSG00000046822]","GO:0005385,GO:0006829,GO:0016020,GO:0016021,GO:0030001,GO:0046873,GO:0055085,GO:0071577"
mmu-miR-146a-5p,Nsg2,HPC_TG_2month_vs_6month,TRUE,neuron specific gene family member 2 [Source:MGI Symbol;Acc:MGI:1202070] [Source:Mus musculus;ACC:ENSMUSG00000020297],"GO:0007212,GO:0016021,GO:0030659,GO:0032051,GO:0032580,GO:0032585,GO:0048268"
mmu-miR-146a-5p,Thra,HPC_TG_2month_vs_6month,TRUE,thyroid hormone receptor alpha [Source:MGI Symbol;Acc:MGI:98742] [Source:Mus musculus;ACC:ENSMUSG00000058756],"GO:0001502,GO:0001503,GO:0002153,GO:0002155,GO:0003700,GO:0003707,GO:0003727,GO:0004879,GO:0004887,GO:0005515,GO:0005634,GO:0005737,GO:0005829,GO:0006355,GO:0006357,GO:0006366,GO:0007611,GO:0008016,GO:0008050,GO:0008134,GO:0008270,GO:0009409,GO:0009755,GO:0009887,GO:0010831,GO:0017025,GO:0017055,GO:0019904,GO:0030218,GO:0030522,GO:0030878,GO:0031490,GO:0032403,GO:0033032,GO:0042994,GO:0043401,GO:0043565,GO:0044212,GO:0045892,GO:0045925,GO:0045944,GO:0050994,GO:0060509,GO:0070324,GO:2000143"
mmu-miR-146a-5p,Rara,HPC_TG_2month_vs_6month,TRUE,"retinoic acid receptor, alpha [Source:MGI Symbol;Acc:MGI:97856] [Source:Mus musculus;ACC:ENSMUSG00000037992]","GO:0000122,GO:0000790,GO:0000900,GO:0000977,GO:0001012,GO:0001657,GO:0001843,GO:0001889,GO:0001972,GO:0002068,GO:0003148,GO:0003417,GO:0003677,GO:0003700,GO:0003707,GO:0003708,GO:0003713,GO:0003714,GO:0004879,GO:0005102,GO:0005515,GO:0005634,GO:0005737,GO:0006351,GO:0006355,GO:0006468,GO:0007165,GO:0007281,GO:0007283,GO:0007565,GO:0008134,GO:0008144,GO:0008270,GO:0008284,GO:0008285,GO:0008584,GO:0010628,GO:0010629,GO:0014068,GO:0017148,GO:0019899,GO:0019904,GO:0030425,GO:0030520,GO:0030850,GO:0030852,GO:0030853,GO:0031076,GO:0031490,GO:0031641,GO:0032355,GO:0032526,GO:0032689,GO:0032720,GO:0032736,GO:0032753,GO:0032754,GO:0033189,GO:0034097,GO:0035014,GO:0035264,GO:0042981,GO:0043005,GO:0043025,GO:0043066,GO:0043277,GO:0043401,GO:0043422,GO:0043551,GO:0043565,GO:0044212,GO:0044323,GO:0045471,GO:0045596,GO:0045630,GO:0045666,GO:0045787,GO:0045892,GO:0045893,GO:0045944,GO:0045947,GO:0046982,GO:0048027,GO:0048167,GO:0048384,GO:0048471,GO:0051018,GO:0051099,GO:0051897,GO:0055012,GO:0060010,GO:0060173,GO:0060324,GO:0060348,GO:0060534,GO:0060591,GO:0061037,GO:0070374,GO:0071222,GO:0071300,GO:0071391"
mmu-miR-146a-5p,Cbx2,HPC_TG_2month_vs_6month,TRUE,chromobox 2 [Source:MGI Symbol;Acc:MGI:88289] [Source:Mus musculus;ACC:ENSMUSG00000025577],"GO:0000122,GO:0000791,GO:0000792,GO:0003677,GO:0003682,GO:0005515,GO:0005634,GO:0006351,GO:0016568,GO:0016607,GO:0031519,GO:0035064,GO:0035102,GO:0045137"
mmu-miR-146a-5p,3110039M20Rik,HPC_TG_2month_vs_6month,TRUE,-,-
mmu-miR-144-3p,Aox4,HPC_WT_2month_vs_6month,TRUE,aldehyde oxidase 4 [Source:MGI Symbol;Acc:MGI:1919122] [Source:Mus musculus;ACC:ENSMUSG00000038242],"GO:0003824,GO:0004031,GO:0005506,GO:0005737,GO:0008762,GO:0009055,GO:0016491,GO:0016614,GO:0030151,GO:0046872,GO:0050660,GO:0051287,GO:0051536,GO:0051537,GO:0055114"
mmu-miR-144-3p,Vwc2l,HPC_WT_2month_vs_6month,TRUE,von Willebrand factor C domain-containing protein 2-like [Source:MGI Symbol;Acc:MGI:2444069] [Source:Mus musculus;ACC:ENSMUSG00000045648],"GO:0003674,GO:0005515,GO:0005615,GO:0030054,GO:0030514,GO:0032281,GO:0045202,GO:0045666"
mmu-miR-144-3p,Ifi203,HPC_WT_2month_vs_6month,TRUE,-,-
mmu-miR-144-3p,Plagl1,HPC_WT_2month_vs_6month,TRUE,pleiomorphic adenoma gene-like 1 [Source:MGI Symbol;Acc:MGI:1100874] [Source:Mus musculus;ACC:ENSMUSG00000019817],"GO:0000977,GO:0000981,GO:0001228,GO:0003676,GO:0003677,GO:0005515,GO:0005634,GO:0005737,GO:0005794,GO:0006366,GO:0006915,GO:0010468,GO:0035914,GO:0045944,GO:0046872"
mmu-miR-144-3p,Efemp1,HPC_WT_2month_vs_6month,TRUE,epidermal growth factor-containing fibulin-like extracellular matrix protein 1 [Source:MGI Symbol;Acc:MGI:1339998] [Source:Mus musculus;ACC:ENSMUSG00000020467],"GO:0005006,GO:0005154,GO:0005509,GO:0005515,GO:0005578,GO:0005615,GO:0006355,GO:0007173,GO:0008083,GO:0018108,GO:0031012,GO:0032331,GO:0070062"
mmu-miR-144-3p,Etv1,HPC_WT_2month_vs_6month,TRUE,ets variant 1 [Source:MGI Symbol;Acc:MGI:99254] [Source:Mus musculus;ACC:ENSMUSG00000004151],"GO:0000978,GO:0000981,GO:0001077,GO:0003700,GO:0005515,GO:0005634,GO:0006355,GO:0006357,GO:0006366,GO:0007411,GO:0007517,GO:0007638,GO:0043565,GO:0045893,GO:0045944"
mmu-miR-144-3p,Fos,HPC_WT_2month_vs_6month,TRUE,FBJ osteosarcoma oncogene [Source:MGI Symbol;Acc:MGI:95574] [Source:Mus musculus;ACC:ENSMUSG00000021250],"GO:0000979,GO:0001661,GO:0003677,GO:0003690,GO:0003700,GO:0005515,GO:0005634,GO:0005667,GO:0005783,GO:0005829,GO:0006355,GO:0006366,GO:0007179,GO:0007399,GO:0007565,GO:0007568,GO:0008134,GO:0009409,GO:0009416,GO:0009612,GO:0009629,GO:0009636,GO:0014070,GO:0016020,GO:0030431,GO:0031668,GO:0032496,GO:0032570,GO:0032870,GO:0034097,GO:0034614,GO:0035902,GO:0035914,GO:0042493,GO:0043005,GO:0043565,GO:0044212,GO:0045672,GO:0045893,GO:0045944,GO:0051412,GO:0051591,GO:0060395,GO:0070412,GO:0071277"
mmu-miR-144-5p,Aox4,HPC_WT_2month_vs_6month,TRUE,aldehyde oxidase 4 [Source:MGI Symbol;Acc:MGI:1919122] [Source:Mus musculus;ACC:ENSMUSG00000038242],"GO:0003824,GO:0004031,GO:0005506,GO:0005737,GO:0008762,GO:0009055,GO:0016491,GO:0016614,GO:0030151,GO:0046872,GO:0050660,GO:0051287,GO:0051536,GO:0051537,GO:0055114"
mmu-miR-144-5p,Vwc2l,HPC_WT_2month_vs_6month,TRUE,von Willebrand factor C domain-containing protein 2-like [Source:MGI Symbol;Acc:MGI:2444069] [Source:Mus musculus;ACC:ENSMUSG00000045648],"GO:0003674,GO:0005515,GO:0005615,GO:0030054,GO:0030514,GO:0032281,GO:0045202,GO:0045666"
mmu-miR-144-5p,Ifi203,HPC_WT_2month_vs_6month,TRUE,-,-
mmu-miR-144-5p,Plagl1,HPC_WT_2month_vs_6month,TRUE,pleiomorphic adenoma gene-like 1 [Source:MGI Symbol;Acc:MGI:1100874] [Source:Mus musculus;ACC:ENSMUSG00000019817],"GO:0000977,GO:0000981,GO:0001228,GO:0003676,GO:0003677,GO:0005515,GO:0005634,GO:0005737,GO:0005794,GO:0006366,GO:0006915,GO:0010468,GO:0035914,GO:0045944,GO:0046872"
mmu-miR-144-5p,Efemp1,HPC_WT_2month_vs_6month,TRUE,epidermal growth factor-containing fibulin-like extracellular matrix protein 1 [Source:MGI Symbol;Acc:MGI:1339998] [Source:Mus musculus;ACC:ENSMUSG00000020467],"GO:0005006,GO:0005154,GO:0005509,GO:0005515,GO:0005578,GO:0005615,GO:0006355,GO:0007173,GO:0008083,GO:0018108,GO:0031012,GO:0032331,GO:0070062"
mmu-miR-144-5p,Etv1,HPC_WT_2month_vs_6month,TRUE,ets variant 1 [Source:MGI Symbol;Acc:MGI:99254] [Source:Mus musculus;ACC:ENSMUSG00000004151],"GO:0000978,GO:0000981,GO:0001077,GO:0003700,GO:0005515,GO:0005634,GO:0006355,GO:0006357,GO:0006366,GO:0007411,GO:0007517,GO:0007638,GO:0043565,GO:0045893,GO:0045944"
mmu-miR-144-5p,Fos,HPC_WT_2month_vs_6month,TRUE,FBJ osteosarcoma oncogene [Source:MGI Symbol;Acc:MGI:95574] [Source:Mus musculus;ACC:ENSMUSG00000021250],"GO:0000979,GO:0001661,GO:0003677,GO:0003690,GO:0003700,GO:0005515,GO:0005634,GO:0005667,GO:0005783,GO:0005829,GO:0006355,GO:0006366,GO:0007179,GO:0007399,GO:0007565,GO:0007568,GO:0008134,GO:0009409,GO:0009416,GO:0009612,GO:0009629,GO:0009636,GO:0014070,GO:0016020,GO:0030431,GO:0031668,GO:0032496,GO:0032570,GO:0032870,GO:0034097,GO:0034614,GO:0035902,GO:0035914,GO:0042493,GO:0043005,GO:0043565,GO:0044212,GO:0045672,GO:0045893,GO:0045944,GO:0051412,GO:0051591,GO:0060395,GO:0070412,GO:0071277"
mmu-miR-141-3p,Epha4,HPC_WT_2month_vs_6month,TRUE,Eph receptor A4 [Source:MGI Symbol;Acc:MGI:98277] [Source:Mus musculus;ACC:ENSMUSG00000026235],"GO:0004672,GO:0004713,GO:0005003,GO:0005004,GO:0005005,GO:0005515,GO:0005524,GO:0005737,GO:0005741,GO:0005783,GO:0005794,GO:0005886,GO:0005887,GO:0006468,GO:0007155,GO:0007169,GO:0007411,GO:0007628,GO:0008045,GO:0008347,GO:0009986,GO:0014069,GO:0016772,GO:0018108,GO:0021957,GO:0030054,GO:0030175,GO:0030424,GO:0030425,GO:0031594,GO:0031901,GO:0032314,GO:0032317,GO:0032319,GO:0042731,GO:0042802,GO:0042995,GO:0043197,GO:0043204,GO:0043507,GO:0043679,GO:0044295,GO:0044297,GO:0045211,GO:0046777,GO:0046875,GO:0048013,GO:0048681,GO:0048710,GO:0050770,GO:0050775,GO:0061001,GO:0097155,GO:0097156,GO:0097161,GO:2001108"
mmu-miR-141-3p,Rps12,HPC_WT_2month_vs_6month,TRUE,ribosomal protein S12 [Source:MGI Symbol;Acc:MGI:98105] [Source:Mus musculus;ACC:ENSMUSG00000061983],"GO:0003735,GO:0006412,GO:0022627"
mmu-miR-141-3p,Plk5,HPC_WT_2month_vs_6month,TRUE,polo-like kinase 5 [Source:MGI Symbol;Acc:MGI:3026984] [Source:Mus musculus;ACC:ENSMUSG00000035486],"GO:0002357,GO:0004672,GO:0004674,GO:0004713,GO:0005515,GO:0005524,GO:0005730,GO:0005737,GO:0006468,GO:0006927,GO:0006974,GO:0007049,GO:0008285,GO:0010976,GO:0016772,GO:0031572,GO:0046872,GO:0051301,GO:0071363,GO:2000045"
mmu-miR-141-3p,Trhde,HPC_WT_2month_vs_6month,TRUE,TRH-degrading enzyme [Source:MGI Symbol;Acc:MGI:2384311] [Source:Mus musculus;ACC:ENSMUSG00000050663],"GO:0004177,GO:0005575,GO:0006508,GO:0008150,GO:0008237,GO:0008270,GO:0016021,GO:0070062"
mmu-miR-141-3p,Dhx33,HPC_WT_2month_vs_6month,TRUE,DEAH (Asp-Glu-Ala-His) box polypeptide 33 [Source:MGI Symbol;Acc:MGI:2445102] [Source:Mus musculus;ACC:ENSMUSG00000040620],"GO:0000182,GO:0003676,GO:0004386,GO:0005524,GO:0005654,GO:0005730,GO:0006200,GO:0008026,GO:0008152,GO:0033613,GO:0044822,GO:0045943"
mmu-miR-10a-5p,Tmem70,HPC_WT_2month_vs_6month,TRUE,transmembrane protein 70 [Source:MGI Symbol;Acc:MGI:1915068] [Source:Mus musculus;ACC:ENSMUSG00000025940],"GO:0003674,GO:0005739,GO:0005743,GO:0032592,GO:0033615"
mmu-miR-10a-5p,Nck2,HPC_WT_2month_vs_6month,TRUE,non-catalytic region of tyrosine kinase adaptor protein 2 [Source:MGI Symbol;Acc:MGI:1306821] [Source:Mus musculus;ACC:ENSMUSG00000066877],"GO:0005515,GO:0005783,GO:0006417,GO:0007015,GO:0012506,GO:0016477,GO:0030032,GO:0030838,GO:0042102,GO:0045944"
mmu-miR-10a-5p,Epha4,HPC_WT_2month_vs_6month,TRUE,Eph receptor A4 [Source:MGI Symbol;Acc:MGI:98277] [Source:Mus musculus;ACC:ENSMUSG00000026235],"GO:0004672,GO:0004713,GO:0005003,GO:0005004,GO:0005005,GO:0005515,GO:0005524,GO:0005737,GO:0005741,GO:0005783,GO:0005794,GO:0005886,GO:0005887,GO:0006468,GO:0007155,GO:0007169,GO:0007411,GO:0007628,GO:0008045,GO:0008347,GO:0009986,GO:0014069,GO:0016772,GO:0018108,GO:0021957,GO:0030054,GO:0030175,GO:0030424,GO:0030425,GO:0031594,GO:0031901,GO:0032314,GO:0032317,GO:0032319,GO:0042731,GO:0042802,GO:0042995,GO:0043197,GO:0043204,GO:0043507,GO:0043679,GO:0044295,GO:0044297,GO:0045211,GO:0046777,GO:0046875,GO:0048013,GO:0048681,GO:0048710,GO:0050770,GO:0050775,GO:0061001,GO:0097155,GO:0097156,GO:0097161,GO:2001108"
mmu-miR-10a-5p,Per2,HPC_WT_2month_vs_6month,TRUE,period circadian clock 2 [Source:MGI Symbol;Acc:MGI:1195265] [Source:Mus musculus;ACC:ENSMUSG00000055866],"GO:0000122,GO:0000976,GO:0000989,GO:0001222,GO:0002931,GO:0003713,GO:0004871,GO:0005515,GO:0005634,GO:0005654,GO:0005737,GO:0005829,GO:0005978,GO:0006094,GO:0006351,GO:0006355,GO:0006631,GO:0007165,GO:0007623,GO:0008134,GO:0019229,GO:0019249,GO:0019900,GO:0031397,GO:0032922,GO:0035257,GO:0036002,GO:0042752,GO:0042754,GO:0042826,GO:0043130,GO:0045892,GO:0048471,GO:0050767,GO:0050796,GO:0050872,GO:0051726,GO:0051946,GO:0060567,GO:0070063,GO:0070345,GO:0070932,GO:0097167,GO:1990226,GO:2000678"
mmu-miR-10a-5p,Ipcef1,HPC_WT_2month_vs_6month,TRUE,interaction protein for cytohesin exchange factors 1 [Source:MGI Symbol;Acc:MGI:2444159] [Source:Mus musculus;ACC:ENSMUSG00000064065],"GO:0005737,GO:0005886"
mmu-miR-10a-5p,Dot1l,HPC_WT_2month_vs_6month,TRUE,"DOT1-like, histone H3 methyltransferase (S. cerevisiae) [Source:MGI Symbol;Acc:MGI:2143886] [Source:Mus musculus;ACC:ENSMUSG00000061589]","GO:0003677,GO:0005515,GO:0005634,GO:0008134,GO:0016571,GO:0018024,GO:0034968,GO:0042054,GO:0046425,GO:2000677"
mmu-miR-182-5p,Fam134a,HPC_WT_2month_vs_6month,TRUE,"family with sequence similarity 134, member A [Source:MGI Symbol;Acc:MGI:2388278] [Source:Mus musculus;ACC:ENSMUSG00000049339]","GO:0003674,GO:0005575,GO:0008150,GO:0016021"
mmu-miR-182-5p,Epha4,HPC_WT_2month_vs_6month,TRUE,Eph receptor A4 [Source:MGI Symbol;Acc:MGI:98277] [Source:Mus musculus;ACC:ENSMUSG00000026235],"GO:0004672,GO:0004713,GO:0005003,GO:0005004,GO:0005005,GO:0005515,GO:0005524,GO:0005737,GO:0005741,GO:0005783,GO:0005794,GO:0005886,GO:0005887,GO:0006468,GO:0007155,GO:0007169,GO:0007411,GO:0007628,GO:0008045,GO:0008347,GO:0009986,GO:0014069,GO:0016772,GO:0018108,GO:0021957,GO:0030054,GO:0030175,GO:0030424,GO:0030425,GO:0031594,GO:0031901,GO:0032314,GO:0032317,GO:0032319,GO:0042731,GO:0042802,GO:0042995,GO:0043197,GO:0043204,GO:0043507,GO:0043679,GO:0044295,GO:0044297,GO:0045211,GO:0046777,GO:0046875,GO:0048013,GO:0048681,GO:0048710,GO:0050770,GO:0050775,GO:0061001,GO:0097155,GO:0097156,GO:0097161,GO:2001108"
mmu-miR-182-5p,Serpinb8,HPC_WT_2month_vs_6month,TRUE,"serine (or cysteine) peptidase inhibitor, clade B, member 8 [Source:MGI Symbol;Acc:MGI:894657] [Source:Mus musculus;ACC:ENSMUSG00000026315]","GO:0004867,GO:0005515,GO:0005615,GO:0005737,GO:0005829,GO:0010951,GO:0030162"
mmu-miR-182-5p,Cdh19,HPC_WT_2month_vs_6month,TRUE,"cadherin 19, type 2 [Source:MGI Symbol;Acc:MGI:3588198] [Source:Mus musculus;ACC:ENSMUSG00000047216]","GO:0003674,GO:0005509,GO:0005575,GO:0005886,GO:0007156,GO:0008150,GO:0016020,GO:0016021"
mmu-miR-182-5p,Ipcef1,HPC_WT_2month_vs_6month,TRUE,interaction protein for cytohesin exchange factors 1 [Source:MGI Symbol;Acc:MGI:2444159] [Source:Mus musculus;ACC:ENSMUSG00000064065],"GO:0005737,GO:0005886"
mmu-miR-182-5p,Sh3rf3,HPC_WT_2month_vs_6month,TRUE,SH3 domain containing ring finger 3 [Source:MGI Symbol;Acc:MGI:2444637] [Source:Mus musculus;ACC:ENSMUSG00000037990],"GO:0003674,GO:0005515,GO:0005575,GO:0008150,GO:0008270,GO:0046872"
mmu-miR-182-5p,Trhde,HPC_WT_2month_vs_6month,TRUE,TRH-degrading enzyme [Source:MGI Symbol;Acc:MGI:2384311] [Source:Mus musculus;ACC:ENSMUSG00000050663],"GO:0004177,GO:0005575,GO:0006508,GO:0008150,GO:0008237,GO:0008270,GO:0016021,GO:0070062"
mmu-miR-182-5p,Cpm,HPC_WT_2month_vs_6month,TRUE,carboxypeptidase M [Source:MGI Symbol;Acc:MGI:1917824] [Source:Mus musculus;ACC:ENSMUSG00000020183],"GO:0003674,GO:0004181,GO:0005634,GO:0005737,GO:0005886,GO:0006508,GO:0008150,GO:0008152,GO:0008270,GO:0016788,GO:0031225,GO:0070062"
mmu-miR-182-5p,Rab40b,HPC_WT_2month_vs_6month,TRUE,"Rab40B, member RAS oncogene family [Source:MGI Symbol;Acc:MGI:2183451] [Source:Mus musculus;ACC:ENSMUSG00000025170]","GO:0003924,GO:0005525,GO:0005575,GO:0005622,GO:0005886,GO:0006184,GO:0006886,GO:0006913,GO:0007165,GO:0007264,GO:0015031,GO:0016020,GO:0016567,GO:0035556"
mmu-miR-182-5p,Dpf3,HPC_WT_2month_vs_6month,TRUE,"D4, zinc and double PHD fingers, family 3 [Source:MGI Symbol;Acc:MGI:1917377] [Source:Mus musculus;ACC:ENSMUSG00000021221]","GO:0005515,GO:0006351,GO:0006355,GO:0007399,GO:0008270,GO:0016568,GO:0046872,GO:0071565"
mmu-miR-182-5p,Gpr68,HPC_WT_2month_vs_6month,TRUE,G protein-coupled receptor 68 [Source:MGI Symbol;Acc:MGI:2441763] [Source:Mus musculus;ACC:ENSMUSG00000047415],"GO:0004930,GO:0005886,GO:0007186,GO:0016021,GO:0032024,GO:0035774,GO:0045656,GO:0071467,GO:2001206"
mmu-miR-183-5p,Nck2,HPC_WT_2month_vs_6month,TRUE,non-catalytic region of tyrosine kinase adaptor protein 2 [Source:MGI Symbol;Acc:MGI:1306821] [Source:Mus musculus;ACC:ENSMUSG00000066877],"GO:0005515,GO:0005783,GO:0006417,GO:0007015,GO:0012506,GO:0016477,GO:0030032,GO:0030838,GO:0042102,GO:0045944"
mmu-miR-183-5p,Epha4,HPC_WT_2month_vs_6month,TRUE,Eph receptor A4 [Source:MGI Symbol;Acc:MGI:98277] [Source:Mus musculus;ACC:ENSMUSG00000026235],"GO:0004672,GO:0004713,GO:0005003,GO:0005004,GO:0005005,GO:0005515,GO:0005524,GO:0005737,GO:0005741,GO:0005783,GO:0005794,GO:0005886,GO:0005887,GO:0006468,GO:0007155,GO:0007169,GO:0007411,GO:0007628,GO:0008045,GO:0008347,GO:0009986,GO:0014069,GO:0016772,GO:0018108,GO:0021957,GO:0030054,GO:0030175,GO:0030424,GO:0030425,GO:0031594,GO:0031901,GO:0032314,GO:0032317,GO:0032319,GO:0042731,GO:0042802,GO:0042995,GO:0043197,GO:0043204,GO:0043507,GO:0043679,GO:0044295,GO:0044297,GO:0045211,GO:0046777,GO:0046875,GO:0048013,GO:0048681,GO:0048710,GO:0050770,GO:0050775,GO:0061001,GO:0097155,GO:0097156,GO:0097161,GO:2001108"
mmu-miR-183-5p,Sh3rf3,HPC_WT_2month_vs_6month,TRUE,SH3 domain containing ring finger 3 [Source:MGI Symbol;Acc:MGI:2444637] [Source:Mus musculus;ACC:ENSMUSG00000037990],"GO:0003674,GO:0005515,GO:0005575,GO:0008150,GO:0008270,GO:0046872"
mmu-miR-183-5p,Trhde,HPC_WT_2month_vs_6month,TRUE,TRH-degrading enzyme [Source:MGI Symbol;Acc:MGI:2384311] [Source:Mus musculus;ACC:ENSMUSG00000050663],"GO:0004177,GO:0005575,GO:0006508,GO:0008150,GO:0008237,GO:0008270,GO:0016021,GO:0070062"
mmu-miR-183-5p,Rasgef1c,HPC_WT_2month_vs_6month,TRUE,"RasGEF domain family, member 1C [Source:MGI Symbol;Acc:MGI:1921813] [Source:Mus musculus;ACC:ENSMUSG00000020374]","GO:0005085,GO:0005622,GO:0007264,GO:0043087,GO:0051056"
mmu-miR-99a-5p,Rnf41,HPC_WT_2month_vs_6month,TRUE,ring finger protein 41 [Source:MGI Symbol;Acc:MGI:1914838] [Source:Mus musculus;ACC:ENSMUSG00000025373],"GO:0000151,GO:0000209,GO:0004842,GO:0005128,GO:0005135,GO:0005515,GO:0005575,GO:0008270,GO:0008285,GO:0010468,GO:0016567,GO:0016881,GO:0030336,GO:0031386,GO:0043408,GO:0045619,GO:0045637,GO:0046872,GO:0051091,GO:0051865,GO:0051896,GO:0097191,GO:2000114,GO:2000377"
mmu-miR-10b-5p,Tmem70,HPC_WT_2month_vs_6month,TRUE,transmembrane protein 70 [Source:MGI Symbol;Acc:MGI:1915068] [Source:Mus musculus;ACC:ENSMUSG00000025940],"GO:0003674,GO:0005739,GO:0005743,GO:0032592,GO:0033615"
mmu-miR-10b-5p,Nck2,HPC_WT_2month_vs_6month,TRUE,non-catalytic region of tyrosine kinase adaptor protein 2 [Source:MGI Symbol;Acc:MGI:1306821] [Source:Mus musculus;ACC:ENSMUSG00000066877],"GO:0005515,GO:0005783,GO:0006417,GO:0007015,GO:0012506,GO:0016477,GO:0030032,GO:0030838,GO:0042102,GO:0045944"
mmu-miR-10b-5p,Epha4,HPC_WT_2month_vs_6month,TRUE,Eph receptor A4 [Source:MGI Symbol;Acc:MGI:98277] [Source:Mus musculus;ACC:ENSMUSG00000026235],"GO:0004672,GO:0004713,GO:0005003,GO:0005004,GO:0005005,GO:0005515,GO:0005524,GO:0005737,GO:0005741,GO:0005783,GO:0005794,GO:0005886,GO:0005887,GO:0006468,GO:0007155,GO:0007169,GO:0007411,GO:0007628,GO:0008045,GO:0008347,GO:0009986,GO:0014069,GO:0016772,GO:0018108,GO:0021957,GO:0030054,GO:0030175,GO:0030424,GO:0030425,GO:0031594,GO:0031901,GO:0032314,GO:0032317,GO:0032319,GO:0042731,GO:0042802,GO:0042995,GO:0043197,GO:0043204,GO:0043507,GO:0043679,GO:0044295,GO:0044297,GO:0045211,GO:0046777,GO:0046875,GO:0048013,GO:0048681,GO:0048710,GO:0050770,GO:0050775,GO:0061001,GO:0097155,GO:0097156,GO:0097161,GO:2001108"
mmu-miR-10b-5p,Per2,HPC_WT_2month_vs_6month,TRUE,period circadian clock 2 [Source:MGI Symbol;Acc:MGI:1195265] [Source:Mus musculus;ACC:ENSMUSG00000055866],"GO:0000122,GO:0000976,GO:0000989,GO:0001222,GO:0002931,GO:0003713,GO:0004871,GO:0005515,GO:0005634,GO:0005654,GO:0005737,GO:0005829,GO:0005978,GO:0006094,GO:0006351,GO:0006355,GO:0006631,GO:0007165,GO:0007623,GO:0008134,GO:0019229,GO:0019249,GO:0019900,GO:0031397,GO:0032922,GO:0035257,GO:0036002,GO:0042752,GO:0042754,GO:0042826,GO:0043130,GO:0045892,GO:0048471,GO:0050767,GO:0050796,GO:0050872,GO:0051726,GO:0051946,GO:0060567,GO:0070063,GO:0070345,GO:0070932,GO:0097167,GO:1990226,GO:2000678"
mmu-miR-10b-5p,Kcnh1,HPC_WT_2month_vs_6month,TRUE,"potassium voltage-gated channel, subfamily H (eag-related), member 1 [Source:MGI Symbol;Acc:MGI:1341721] [Source:Mus musculus;ACC:ENSMUSG00000058248]","GO:0000155,GO:0000160,GO:0004871,GO:0005216,GO:0005249,GO:0005515,GO:0005516,GO:0005637,GO:0005887,GO:0006355,GO:0006811,GO:0007165,GO:0016020,GO:0023014,GO:0034765,GO:0042391,GO:0055085,GO:0071805"
mmu-miR-148a-5p,Hecw2,HPC_WT_2month_vs_6month,TRUE,"HECT, C2 and WW domain containing E3 ubiquitin protein ligase 2 [Source:MGI Symbol;Acc:MGI:2685817] [Source:Mus musculus;ACC:ENSMUSG00000042807]","GO:0004842,GO:0005515,GO:0005634,GO:0005737,GO:0016874,GO:0042787"
mmu-miR-148a-5p,Epha4,HPC_WT_2month_vs_6month,TRUE,Eph receptor A4 [Source:MGI Symbol;Acc:MGI:98277] [Source:Mus musculus;ACC:ENSMUSG00000026235],"GO:0004672,GO:0004713,GO:0005003,GO:0005004,GO:0005005,GO:0005515,GO:0005524,GO:0005737,GO:0005741,GO:0005783,GO:0005794,GO:0005886,GO:0005887,GO:0006468,GO:0007155,GO:0007169,GO:0007411,GO:0007628,GO:0008045,GO:0008347,GO:0009986,GO:0014069,GO:0016772,GO:0018108,GO:0021957,GO:0030054,GO:0030175,GO:0030424,GO:0030425,GO:0031594,GO:0031901,GO:0032314,GO:0032317,GO:0032319,GO:0042731,GO:0042802,GO:0042995,GO:0043197,GO:0043204,GO:0043507,GO:0043679,GO:0044295,GO:0044297,GO:0045211,GO:0046777,GO:0046875,GO:0048013,GO:0048681,GO:0048710,GO:0050770,GO:0050775,GO:0061001,GO:0097155,GO:0097156,GO:0097161,GO:2001108"
mmu-miR-148a-5p,Atf6,HPC_WT_2month_vs_6month,TRUE,-,-
mmu-miR-148a-5p,Ipcef1,HPC_WT_2month_vs_6month,TRUE,interaction protein for cytohesin exchange factors 1 [Source:MGI Symbol;Acc:MGI:2444159] [Source:Mus musculus;ACC:ENSMUSG00000064065],"GO:0005737,GO:0005886"
mmu-miR-148a-5p,Sh3rf3,HPC_WT_2month_vs_6month,TRUE,SH3 domain containing ring finger 3 [Source:MGI Symbol;Acc:MGI:2444637] [Source:Mus musculus;ACC:ENSMUSG00000037990],"GO:0003674,GO:0005515,GO:0005575,GO:0008150,GO:0008270,GO:0046872"
mmu-miR-148a-5p,Engase,HPC_WT_2month_vs_6month,TRUE,endo-beta-N-acetylglucosaminidase [Source:MGI Symbol;Acc:MGI:2443788] [Source:Mus musculus;ACC:ENSMUSG00000033857],"GO:0003674,GO:0005515,GO:0005575,GO:0005737,GO:0005829,GO:0008150,GO:0008152,GO:0033925"
mmu-miR-143-3p,Epha4,HPC_WT_2month_vs_6month,TRUE,Eph receptor A4 [Source:MGI Symbol;Acc:MGI:98277] [Source:Mus musculus;ACC:ENSMUSG00000026235],"GO:0004672,GO:0004713,GO:0005003,GO:0005004,GO:0005005,GO:0005515,GO:0005524,GO:0005737,GO:0005741,GO:0005783,GO:0005794,GO:0005886,GO:0005887,GO:0006468,GO:0007155,GO:0007169,GO:0007411,GO:0007628,GO:0008045,GO:0008347,GO:0009986,GO:0014069,GO:0016772,GO:0018108,GO:0021957,GO:0030054,GO:0030175,GO:0030424,GO:0030425,GO:0031594,GO:0031901,GO:0032314,GO:0032317,GO:0032319,GO:0042731,GO:0042802,GO:0042995,GO:0043197,GO:0043204,GO:0043507,GO:0043679,GO:0044295,GO:0044297,GO:0045211,GO:0046777,GO:0046875,GO:0048013,GO:0048681,GO:0048710,GO:0050770,GO:0050775,GO:0061001,GO:0097155,GO:0097156,GO:0097161,GO:2001108"
mmu-miR-143-3p,Ipcef1,HPC_WT_2month_vs_6month,TRUE,interaction protein for cytohesin exchange factors 1 [Source:MGI Symbol;Acc:MGI:2444159] [Source:Mus musculus;ACC:ENSMUSG00000064065],"GO:0005737,GO:0005886"
mmu-miR-143-3p,Trhde,HPC_WT_2month_vs_6month,TRUE,TRH-degrading enzyme [Source:MGI Symbol;Acc:MGI:2384311] [Source:Mus musculus;ACC:ENSMUSG00000050663],"GO:0004177,GO:0005575,GO:0006508,GO:0008150,GO:0008237,GO:0008270,GO:0016021,GO:0070062"
mmu-miR-143-3p,Smarcd2,HPC_WT_2month_vs_6month,TRUE,"SWI/SNF related, matrix associated, actin dependent regulator of chromatin, subfamily d, member 2 [Source:MGI Symbol;Acc:MGI:1933621] [Source:Mus musculus;ACC:ENSMUSG00000078619]","GO:0000790,GO:0000978,GO:0000980,GO:0005515,GO:0005634,GO:0006337,GO:0006338,GO:0006351,GO:0006355,GO:0016514,GO:0031492,GO:0043044,GO:0043234"
mmu-miR-143-3p,Cbx2,HPC_WT_2month_vs_6month,TRUE,chromobox 2 [Source:MGI Symbol;Acc:MGI:88289] [Source:Mus musculus;ACC:ENSMUSG00000025577],"GO:0000122,GO:0000791,GO:0000792,GO:0003677,GO:0003682,GO:0005515,GO:0005634,GO:0006351,GO:0016568,GO:0016607,GO:0031519,GO:0035064,GO:0035102,GO:0045137"
mmu-miR-200a-3p,Epha4,HPC_WT_2month_vs_6month,TRUE,Eph receptor A4 [Source:MGI Symbol;Acc:MGI:98277] [Source:Mus musculus;ACC:ENSMUSG00000026235],"GO:0004672,GO:0004713,GO:0005003,GO:0005004,GO:0005005,GO:0005515,GO:0005524,GO:0005737,GO:0005741,GO:0005783,GO:0005794,GO:0005886,GO:0005887,GO:0006468,GO:0007155,GO:0007169,GO:0007411,GO:0007628,GO:0008045,GO:0008347,GO:0009986,GO:0014069,GO:0016772,GO:0018108,GO:0021957,GO:0030054,GO:0030175,GO:0030424,GO:0030425,GO:0031594,GO:0031901,GO:0032314,GO:0032317,GO:0032319,GO:0042731,GO:0042802,GO:0042995,GO:0043197,GO:0043204,GO:0043507,GO:0043679,GO:0044295,GO:0044297,GO:0045211,GO:0046777,GO:0046875,GO:0048013,GO:0048681,GO:0048710,GO:0050770,GO:0050775,GO:0061001,GO:0097155,GO:0097156,GO:0097161,GO:2001108"
mmu-miR-200a-3p,Rps12,HPC_WT_2month_vs_6month,TRUE,ribosomal protein S12 [Source:MGI Symbol;Acc:MGI:98105] [Source:Mus musculus;ACC:ENSMUSG00000061983],"GO:0003735,GO:0006412,GO:0022627"
mmu-miR-200a-3p,Plk5,HPC_WT_2month_vs_6month,TRUE,polo-like kinase 5 [Source:MGI Symbol;Acc:MGI:3026984] [Source:Mus musculus;ACC:ENSMUSG00000035486],"GO:0002357,GO:0004672,GO:0004674,GO:0004713,GO:0005515,GO:0005524,GO:0005730,GO:0005737,GO:0006468,GO:0006927,GO:0006974,GO:0007049,GO:0008285,GO:0010976,GO:0016772,GO:0031572,GO:0046872,GO:0051301,GO:0071363,GO:2000045"
mmu-miR-200a-3p,Trhde,HPC_WT_2month_vs_6month,TRUE,TRH-degrading enzyme [Source:MGI Symbol;Acc:MGI:2384311] [Source:Mus musculus;ACC:ENSMUSG00000050663],"GO:0004177,GO:0005575,GO:0006508,GO:0008150,GO:0008237,GO:0008270,GO:0016021,GO:0070062"
mmu-miR-200a-3p,Dhx33,HPC_WT_2month_vs_6month,TRUE,DEAH (Asp-Glu-Ala-His) box polypeptide 33 [Source:MGI Symbol;Acc:MGI:2445102] [Source:Mus musculus;ACC:ENSMUSG00000040620],"GO:0000182,GO:0003676,GO:0004386,GO:0005524,GO:0005654,GO:0005730,GO:0006200,GO:0008026,GO:0008152,GO:0033613,GO:0044822,GO:0045943"
mmu-miR-99b-5p,Rnf41,HPC_WT_2month_vs_6month,TRUE,ring finger protein 41 [Source:MGI Symbol;Acc:MGI:1914838] [Source:Mus musculus;ACC:ENSMUSG00000025373],"GO:0000151,GO:0000209,GO:0004842,GO:0005128,GO:0005135,GO:0005515,GO:0005575,GO:0008270,GO:0008285,GO:0010468,GO:0016567,GO:0016881,GO:0030336,GO:0031386,GO:0043408,GO:0045619,GO:0045637,GO:0046872,GO:0051091,GO:0051865,GO:0051896,GO:0097191,GO:2000114,GO:2000377"
mmu-miR-140-3p,Ipcef1,HPC_WT_2month_vs_6month,TRUE,interaction protein for cytohesin exchange factors 1 [Source:MGI Symbol;Acc:MGI:2444159] [Source:Mus musculus;ACC:ENSMUSG00000064065],"GO:0005737,GO:0005886"
mmu-miR-140-3p,Trhde,HPC_WT_2month_vs_6month,TRUE,TRH-degrading enzyme [Source:MGI Symbol;Acc:MGI:2384311] [Source:Mus musculus;ACC:ENSMUSG00000050663],"GO:0004177,GO:0005575,GO:0006508,GO:0008150,GO:0008237,GO:0008270,GO:0016021,GO:0070062"
mmu-miR-140-3p,Dhx33,HPC_WT_2month_vs_6month,TRUE,DEAH (Asp-Glu-Ala-His) box polypeptide 33 [Source:MGI Symbol;Acc:MGI:2445102] [Source:Mus musculus;ACC:ENSMUSG00000040620],"GO:0000182,GO:0003676,GO:0004386,GO:0005524,GO:0005654,GO:0005730,GO:0006200,GO:0008026,GO:0008152,GO:0033613,GO:0044822,GO:0045943"
mmu-miR-140-3p,Dpf3,HPC_WT_2month_vs_6month,TRUE,"D4, zinc and double PHD fingers, family 3 [Source:MGI Symbol;Acc:MGI:1917377] [Source:Mus musculus;ACC:ENSMUSG00000021221]","GO:0005515,GO:0006351,GO:0006355,GO:0007399,GO:0008270,GO:0016568,GO:0046872,GO:0071565"